Query,Answer,query,answer
What are the key features of the iPhone 16?,"As of October 26, 2023, the iPhone 16 has not been officially announced by Apple. Therefore, any information about its features is based on rumors, leaks, and analyst predictions, which should be taken with a grain of salt.  These are subject to change as we get closer to the expected release date (likely September 2024).

That said, some of the most frequently mentioned *potential* features of the iPhone 16 include:

* **Solid-State Buttons (Pro Models Only?):** This is a persistent rumor, suggesting the mechanical volume and power buttons will be replaced with haptic feedback buttons similar to the current home button.  This change is expected to improve water resistance and durability. However, its inclusion in the iPhone 16 is uncertain, with some analysts suggesting it's been pushed back.
* **Under-Display Face ID:**  Moving Face ID components under the display would allow for a truly all-screen design, eliminating the notch or Dynamic Island.  This is a complex technological challenge, and whether it's ready for the iPhone 16 remains to be seen.
* **Periscope Telephoto Lens (Pro Max Only?):** This technology allows for greater optical zoom capabilities without increasing the camera bump's size. It's expected to appear first in the iPhone 15 Pro Max and potentially trickle down to smaller Pro models in the 16 generation.
* **Wi-Fi 7:**  Adoption of the latest Wi-Fi standard would offer significant speed and performance improvements for network connectivity.
* **A17 Pro Chip (Pro Models) / A18 Chip (Standard Models):**  As with every new generation, Apple is expected to introduce a more powerful and efficient processor, likely building upon the 3nm process technology.
* **Improved Battery Life:**  Incremental improvements to battery life are anticipated with each new iPhone release.
* **Further Camera Enhancements:** While specifics are scarce, general improvements to image quality, low-light performance, and video recording capabilities are almost guaranteed.


It's crucial to remember these are just potential features.  We'll have a much clearer picture of the iPhone 16's actual specifications closer to its official announcement.  Keep an eye on reputable tech news sources for the latest updates.",,
iphone 15 is better or the iphone 16 is beter to purchase?,"Generally, the iPhone 16 will be better than the iPhone 15.  New iPhones typically feature:

* **A faster processor:** Leading to better performance in apps, games, and overall responsiveness.
* **Improved camera technology:** Often with better sensors, lenses, and software processing for superior photos and videos.
* **Longer battery life:**  Though this can vary.
* **New features and software capabilities:**  These can range from minor tweaks to significant additions.
* **Longer software support:**  You'll likely receive iOS updates for a longer period with the newer phone.

However, there are reasons you *might* prefer the iPhone 15:

* **Lower price:** Once the iPhone 16 is released, the iPhone 15 price usually drops, making it a more budget-friendly option.
* **Familiarity:** If you're already used to a particular iPhone design or feature set, you might prefer to stick with something familiar.


Unless you're on a tight budget, the **iPhone 16 will likely offer a better overall experience** due to the improvements mentioned above.  It's worth waiting for reviews and comparisons to come out after the iPhone 16 launch to make a fully informed decision.",,
,,what are the features of iphone16?,"The iPhone 16 hasn't been officially released yet, so concrete features are still based on rumors, leaks, and analyst predictions.  These should be taken with a grain of salt, as plans can change before the official announcement.  That being said, here are some of the features that are *rumored* or *expected* for the iPhone 16 models:

**Possible Features for iPhone 16 (and 16 Plus):**

* **Larger Displays:**  Rumors suggest the standard iPhone 16 might have a slightly larger display than the iPhone 15.
* **Improved Cameras:** Camera upgrades are almost guaranteed every year.  Expect potential improvements to sensor size, low-light performance, and video recording capabilities.
* **A17 Chip Improvements (carried over from iPhone 15 Pro):** The standard iPhone 16 models might get the A17 chip, which was first introduced in the iPhone 15 Pro models. This would offer a performance boost over the A16.
* **Dynamic Island:**  It's highly likely the Dynamic Island, introduced on the iPhone 14 Pro models, will continue to be a standard feature.
* **USB-C:** Apple is transitioning to USB-C, likely to continue with the iPhone 16.
* **Wi-Fi 7:** This faster Wi-Fi standard is also a possibility for improved wireless connectivity.
* **Minor Design Refinements:** Small changes to the overall design are typical year-over-year, but nothing radical is expected at this stage.


**Possible Features Specific to iPhone 16 Pro (and 16 Pro Max):**

* **A18 Chip:**  The Pro models usually get the newest chip, so an A18 Bionic is expected.
* **Periscope Telephoto Lens (possibly only on Pro Max):** A periscope lens would allow for significantly improved optical zoom capabilities, perhaps 5x or 6x.
* **Solid-State Buttons (possibly delayed):** Rumors have circulated about solid-state power and volume buttons similar to the iPhone SE's home button, but implementation might be delayed.
* **Titanium Frame:** This premium material could make the Pro models even more durable and slightly lighter.
* **ProMotion Display with Higher Peak Brightness:**  Further refinements to the display technology are possible, such as increased peak brightness for better HDR content.


**Important Note:**  Until Apple officially announces the iPhone 16 lineup, all of these features are subject to change.  It's best to wait for the official announcements to get confirmed details.  Keep an eye on reputable tech news sources closer to the expected release date (typically September) for the most accurate information."
,,the features of iPhone 16,"As of October 26, 2023, the iPhone 16 has not been officially announced by Apple.  Therefore, any features listed are based on rumors, leaks, and analyst predictions, which should be treated with skepticism.  These are subject to change as we get closer to the expected release date (likely September 2024).

Here's a summary of *potential* iPhone 16 features based on current speculation:

**Possible Features for iPhone 16 (Standard and Plus Models):**

* **Larger Displays:**  Rumors suggest the standard iPhone 16 might see a slight display size increase.
* **Improved Main Camera:** Upgrades to the main camera sensor are likely, possibly including larger sensor size and improved low-light performance.
* **A17 Chip Enhancements (Carried over from iPhone 15 Pro Models):**  The standard iPhone 16 models are predicted to utilize the A17 chip, which debuted in the iPhone 15 Pro models. This will bring performance and efficiency improvements.
* **Dynamic Island:** This feature, introduced with the iPhone 14 Pro, is expected to become standard across the iPhone 16 lineup.
* **USB-C:**  Following the iPhone 15's adoption of USB-C, the iPhone 16 will almost certainly retain the USB-C port.
* **Wi-Fi 7:** Improved Wi-Fi capabilities are anticipated, potentially with the adoption of Wi-Fi 7.

**Possible Features for iPhone 16 Pro and Pro Max Models:**

* **Even Larger Displays:**  Rumors point toward larger display sizes for the Pro models, potentially shrinking bezels further. The iPhone 16 Pro Max might be rebranded as the ""Ultra"" and see the most significant size increase.
* **Solid-State Buttons:**  One of the more significant rumors suggests the Pro models could replace physical volume and power buttons with solid-state haptic buttons, similar to the home button on newer iPhones.  However, more recent rumors indicate this may be delayed to the iPhone 17 or later.
* **Periscope Telephoto Lens:**  An improved periscope telephoto lens is anticipated, offering significantly enhanced optical zoom capabilities, especially on the Pro Max (or Ultra) model.
* **Under-Display Face ID:**  While still speculative, there are long-standing rumors about Apple working on under-display Face ID. This could potentially eliminate the notch or Dynamic Island altogether.  This is less likely for the iPhone 16 and more likely for future models.
* **A18 Chip:** The Pro models will likely feature the next-generation A18 chip, providing further performance and efficiency gains.
* **Titanium Frame:** Similar to the iPhone 15 Pro models, the iPhone 16 Pro models are expected to continue with a titanium frame.


**Important Note:**  It's crucial to remember these are just rumors and predictions.  Apple has not confirmed any of these features, and they may change significantly or not materialize at all.  It's best to wait for official announcements from Apple for accurate information.  Keep an eye out for Apple's official announcements, typically around September of each year."
,,Test FAQ,"Please provide me with the iPhone 16 FAQs you'd like me to answer.  I don't have access to a specific, official ""iPhone 16 Test FAQ"" document.  I can, however, answer general questions about what is *expected* for the iPhone 16 based on rumors, trends, and Apple's typical release cycle, as well as answer questions about current iPhones if helpful.

For example, you could ask me:

* What are the rumored features of the iPhone 16?
* When is the iPhone 16 likely to be released?
* How much will the iPhone 16 likely cost?
* Will the iPhone 16 have a USB-C port?
* What new camera technology might the iPhone 16 include?


The more specific your questions, the better I can answer them."
,,features of iphone16,"The iPhone 16 hasn't been officially announced yet, so any features are based on rumors, leaks, and analyst predictions.  These should be taken with a grain of salt.  That said, here's a summary of what's being speculated:

**Potential Features of the iPhone 16 (and 16 Plus):**

* **Larger Displays:**  Rumors suggest the standard iPhone 16 might get a slight display size increase, possibly to accommodate the periscope camera expected in the Pro models.
* **Dynamic Island Expansion:**  It's likely the Dynamic Island, introduced with the iPhone 14 Pro, will be standard across all iPhone 16 models.
* **A17 Chip Improvements (for Pro Models):**  While the iPhone 16 and 16 Plus are expected to use the A16 chip from the iPhone 14 Pro, the Pro models will likely get a new, more powerful A17 chip built on a 3nm process.  This would mean performance and efficiency improvements.
* **Camera Upgrades (primarily for Pro models):** Major camera improvements are expected mostly for the Pro models, possibly including a periscope telephoto lens. The base models might see some sensor or processing enhancements.
* **Wi-Fi 7:**  This faster and more reliable Wi-Fi standard is expected in some 2023 iPhones, potentially making it to the iPhone 16 lineup.
* **USB-C Port:** Driven by EU regulations, Apple is widely expected to transition to USB-C from Lightning, potentially starting with the iPhone 15.  Therefore, the iPhone 16 would almost certainly feature USB-C.
* **Design Refinements:** Minor tweaks to the design are always possible, though no radical changes are anticipated for the standard iPhone 16.

**Things to Keep in Mind:**

* **These are just rumors:**  Nothing is confirmed until Apple makes an official announcement.
* **Focus on Pro Models:**  Historically, Apple has reserved major feature upgrades for the Pro models, so expect the iPhone 16 Pro and Pro Max to see the most significant changes.
* **Release Date:**  The iPhone 16 lineup is expected to be announced and released sometime in September 2024.

It's best to follow reputable Apple news sources and wait for official information as we get closer to the expected release date."
,,features of iphone16,"The iPhone 16 hasn't been officially announced yet, so any features discussed are based on rumors, leaks, analyst predictions, and Apple's historical patterns.  These are subject to change.  Here's a summary of potential features based on current speculation:

**Likely/Expected Features:**

* **A17 (or later) Chip:** A new, more powerful and efficient processor is a given for every new iPhone generation.
* **iOS 18:**  The next version of iOS, likely with performance improvements, new features, and refinements to existing functionality.
* **Camera Improvements:** Apple consistently upgrades its camera technology.  Expect potential enhancements to low-light performance, zoom capabilities, and computational photography features.
* **Minor Design Refinements:**  While a major redesign isn't expected every year, Apple often makes small tweaks to the design, materials, or color options.
* **5G Connectivity:** 5G will continue to be a standard feature.

**Rumored/Possible Features (take these with a grain of salt):**

* **Solid-State Buttons (Pro Models?):**  Rumors suggest Apple may move to solid-state power and volume buttons, similar to the home button on recent iPhones.  This is more likely for the Pro models.
* **Under-Display Face ID:**  This is a long-rumored feature that would eliminate the notch or Dynamic Island, creating a truly all-screen display.  It's unclear if this technology is ready for prime time yet.
* **Periscope Telephoto Lens (Pro Models?):** This would allow for significantly improved optical zoom capabilities, something Android competitors have offered for some time. Again, more likely for the Pro models.
* **Wi-Fi 7:**  Support for the latest Wi-Fi standard, offering faster speeds and improved performance.
* **Increased RAM (Pro Models?):**  More RAM could lead to better multitasking performance, particularly on the Pro models.
* **USB-C Port:** While highly likely due to EU regulations, the transition might happen with the iPhone 15. If not, the 16 will almost certainly have USB-C.

**Important Note:** It's crucial to remember that these are just rumors and speculation. Nothing is confirmed until Apple officially announces the iPhone 16. Keep an eye on reputable tech news sources closer to the expected release date (typically September) for the most accurate information."
,,what is the battery life of iphone16,"Apple doesn't release official battery life *specifications* in terms of mAh or hours.  They describe battery life in terms of usage, like ""up to X hours of video playback.""  These numbers are under ideal conditions and real-world usage can vary.

For the iPhone 16, reviews and user reports generally indicate **all-day battery life** for most users with moderate usage.  Heavy users, particularly those using demanding apps or 5G extensively, might need to charge before the day is over.  Conversely, lighter users might be able to go a day and a half or more between charges.

To get a better idea of real-world battery life, look for reviews from reputable tech websites and publications.  They often perform battery tests and provide more practical estimates."
,,features of iPhone 16,"As of October 26, 2023, the iPhone 16 has not been officially announced by Apple.  Therefore, any ""features"" are based on rumors, leaks, and analyst predictions, which should be taken with a healthy dose of skepticism.  These predictions can change significantly before the actual release.

That being said, here are some commonly discussed *potential* features for the iPhone 16 lineup, based on current speculation:

**Possible Features (Rumored/Predicted - NOT Confirmed):**

* **Larger Displays:**  Rumors suggest larger displays, potentially including a 6.3-inch iPhone 16 and a 6.9-inch iPhone 16 Pro Max (sometimes referred to as ""Ultra"").
* **Under-Display Face ID:**  This is a recurring rumor, suggesting Apple might finally move Face ID components entirely under the display, creating a truly uninterrupted screen.
* **Solid-State Buttons (Pro Models?):** Similar to the iPhone 7's home button, the volume and power buttons could become solid-state, providing haptic feedback instead of physical movement. This is more likely for the Pro models initially.
* **Periscope Telephoto Lens (Pro Models?):**  This technology allows for significantly improved optical zoom capabilities, potentially up to 10x or more.
* **A17 Pro Chip (Pro Models) / A17 Chip:** The next generation of Apple silicon, likely with improved performance and efficiency. Pro models usually get a more advanced version.
* **Wi-Fi 7:**  Adoption of the faster Wi-Fi 7 standard is expected in upcoming iPhones.
* **Improved Battery Life:** Apple consistently works on improving battery performance.
* **USB-C Port:**  While the iPhone 15 models adopted USB-C, it's likely the iPhone 16 will continue with this connector, possibly with further improvements in data transfer speeds (especially for Pro models, aligning with Thunderbolt standards).
* **Camera Enhancements:**  Improvements to camera sensors, image processing, and video recording capabilities are almost guaranteed.

**Important Note:** These are just potential features, and the final product may differ significantly. It's best to wait for official announcements from Apple for confirmed details about the iPhone 16.  Keep an eye on reputable tech news sources closer to the expected announcement date (typically September) for more reliable information."
,,features of iPhone 16,"As of October 26, 2023, the iPhone 16 has not been officially announced by Apple. Therefore, any features discussed are based on rumors, leaks, analyst predictions, and trends within the industry.  These are **not confirmed** and should be treated with skepticism.

Here are some *potential* features being speculated for the iPhone 16 lineup, often separated between the standard models and the Pro models:

**Potential Features for all iPhone 16 Models:**

* **A17 Bionic Chip (or newer):** Apple typically updates the processor with each new generation. Expect a faster and more efficient chip compared to the A16.
* **iOS 18:**  A new version of iOS is expected to launch alongside the new iPhones.
* **Wi-Fi 7:**  This faster Wi-Fi standard is starting to roll out in devices, and Apple may include it in the iPhone 16.
* **Improved Battery Life:**  Battery improvements are a perennial desire, and Apple usually makes incremental gains with each generation.
* **Camera Enhancements:** Although the specific upgrades are unknown, some improvements to camera hardware or software processing are likely.


**Potential Features Primarily for iPhone 16 Pro Models:**

* **Solid-State Buttons:** Rumors suggest that the Pro models might switch to solid-state power and volume buttons, similar to the home button on later iPhones.  This is less certain for the iPhone 16, and might be pushed to a later generation.
* **Periscope Zoom Lens:**  This technology allows for a greater optical zoom range without increasing the phone's thickness.  This is more likely for the Pro Max model initially.
* **Titanium Frame:** This premium material is lighter and stronger than stainless steel, currently used in the Pro models.
* **Larger Display Sizes (Pro and Pro Max):** Some rumors suggest slightly larger displays for the Pro models.
* **Faster RAM:** Increased and faster RAM could further boost performance, especially for multitasking.


**Features that are Less Likely or Just Speculation:**

* **Under-Display Face ID:** While under-display Face ID has been rumored for several years, it's unclear when Apple will implement it.
* **Portless iPhone:**  A completely portless iPhone has been a long-standing rumor.  While Apple is moving towards wireless charging and data transfer, completely removing the port in the near future is still uncertain.


It's important to reiterate that these are just potential features.  The actual features of the iPhone 16 may differ significantly from these predictions.  It's best to wait for official announcements from Apple for confirmed details.  Keep an eye out for leaks and rumors closer to the expected launch date (typically September) for more informed speculation."
,,features of iPhone 16,"As of October 26, 2023, the iPhone 16 hasn't been officially announced by Apple.  Therefore, any ""features"" are based on rumors, leaks, and analyst predictions, which should be taken with a grain of salt.  These can change significantly before the official release.

That said, here are some *potential* features being discussed for the iPhone 16 lineup, based on current speculation:

**General Expectations Across Models (including Pro and non-Pro):**

* **Wi-Fi 7:**  This is a highly anticipated upgrade offering faster speeds and lower latency.
* **USB-C Port:**  While introduced with the iPhone 15, further refinements or speed improvements are possible.
* **Improved Battery Life:** Apple consistently works on improving battery performance.
* **A17 (or later) Processor enhancements:**  Even if the standard iPhone 16 doesn't get the absolute latest chip, expect improvements on the previous generation's processor.

**Potential iPhone 16 Pro and Pro Max Specific Features:**

* **Solid-State Buttons:** Rumors suggest Apple might finally introduce these buttons, though this feature has been delayed in the past.
* **Periscope Telephoto Lens:** This would enable significantly improved optical zoom capabilities, possibly only on the Pro Max initially.
* **Larger Display Sizes:** Some rumors point to slightly larger screens for the Pro models.
* **Higher Refresh Rate Display:** While already present, further enhancements or adaptive refresh rate improvements are possible.
* **Titanium Frame:** Continuing the design language introduced with the iPhone 15 Pro models.
* **Under-display Face ID:** This is a long-term rumor, and it's unclear if it will be ready for the iPhone 16 generation.

**Important Considerations:**

* **No Guarantees:** Remember, these are just potential features.  Apple might choose to implement only some of them, or even introduce completely different features we haven't heard about yet.
* **Model Differentiation:**  Expect the Pro models to have more advanced features than the standard iPhone 16 models.
* **Pricing:** No official pricing is available, but expect it to be in line with previous iPhone launches.

It's best to wait for official announcements from Apple closer to the expected release date (likely Fall 2024) for confirmed information about the iPhone 16 lineup.  Keep an eye on reputable tech news sites for updates as they become available."
,,enti ai em chestunnav,nēnu mīku iPhone 16 gurinchi sahayam chēyagalanu. Dayachēsi mī prasna adagamandi.
,,what are the features of iphone16,"The iPhone 16 hasn't been officially released yet, so definitive features are still speculative based on rumors, analyst predictions, and Apple's typical development patterns.  However, here's a summary of what's been suggested and what might be reasonable to expect:

**Potential Features based on Rumors and Trends:**

* **Larger Displays:**  There are rumors of slightly larger displays across the Pro models, potentially pushing the Pro Max close to 7 inches.
* **Solid-State Buttons:** This is a persistent rumor, suggesting the mechanical volume and power buttons could be replaced with haptic feedback buttons similar to the home button on later iPhone models.  However, this has been rumored for a few years and hasn't materialized yet.
* **Under-Display Face ID:**  This technology is highly anticipated, allowing for a truly uninterrupted display. While it's been in development for some time, it's uncertain whether it will be ready for the iPhone 16.
* **Periscope Zoom Lens:**  This technology is likely to improve optical zoom capabilities significantly, potentially bringing it closer to or surpassing some of the leading Android phones in this area.  This is more likely for the Pro models.
* **A17 Chip:**  A new, more powerful and efficient processor is a given for each new iPhone generation. Expect performance and efficiency improvements with the A17.
* **Wi-Fi 7:** This newer Wi-Fi standard offers faster speeds and lower latency, which would be a logical upgrade.
* **Improved Battery Life:**  While not a specific feature, Apple consistently strives for better battery life with each iteration.
* **iOS 18:** The iPhone 16 will undoubtedly launch with the next version of iOS, which will likely bring new features and refinements.
* **Refinement of Dynamic Island:** Expect Apple to continue to refine and expand the functionality of the Dynamic Island, perhaps integrating it with more apps and services.

**Important Note:** It's essential to remember that these are just potential features based on speculation.  Nothing is confirmed until Apple officially announces the iPhone 16.  Keep an eye out for leaks and official announcements closer to the expected launch date (typically September)."
,,what are the features for iPhone 16,"As of October 26, 2023, the iPhone 16 has not been officially announced by Apple.  Therefore, any features listed are based on rumors, leaks, and analyst predictions, which should be taken with a grain of salt.  These predictions can change, and some may not come to fruition.

That being said, here are some *potential* features that have been speculated for the iPhone 16 and 16 Pro models:

**Potential Features for iPhone 16 (and 16 Plus):**

* **Larger Displays:**  A move to slightly larger screens is predicted, possibly around 6.3 inches for the iPhone 16 and 6.9 inches for the 16 Plus.
* **Dynamic Island:**  It is expected that the Dynamic Island, introduced with the iPhone 14 Pro models, will make its way to the standard iPhone 16 models.
* **A16 or Improved Chip:**  Likely an upgraded A16 chip from the iPhone 14 Pro or a newer A17 variant.
* **Camera Improvements:** Upgrades to the camera system are expected, though specifics are uncertain.
* **USB-C Port:**  Highly likely due to EU regulations.
* **Wi-Fi 7:** Potential upgrade to the latest Wi-Fi standard for faster speeds and lower latency.

**Potential Features Specific to iPhone 16 Pro (and 16 Pro Max):**

* **Solid-State Buttons:**  Rumors suggest the Pro models might transition to solid-state power and volume buttons, similar to the home button on later iPhones. This is less certain than other predictions.
* **Periscope Zoom Lens:** This would enable significantly improved optical zoom capabilities, potentially matching or exceeding some Android competitors.
* **Titanium Frame:** A stronger and potentially lighter titanium frame may replace the stainless steel frame, though this could impact pricing.
* **A18 Chip:** A new, more powerful A18 chip is expected to power the Pro models.
* **Improved LiDAR:**  Enhancements to the LiDAR scanner are possible for better AR performance.
* **Under-Display Face ID:**  This is a longer-term rumor and may not arrive until the iPhone 17 or later.

It's important to remember that these are just *potential* features.  We won't know the official features until Apple unveils the iPhone 16 lineup, which typically happens in September.  Stay tuned for official announcements from Apple for the most accurate information."
,,battery life of iphone16,"Sorry, I couldn't generate an answer."
,,features of iphone16?,"The iPhone 16 hasn't been officially announced yet, so any features discussed are based on rumors, leaks, and analyst predictions.  These should be taken with a grain of salt as they can be inaccurate or change before the official release.

Here's a summary of potential features based on current speculation:

* **Larger Displays:**  Rumors suggest larger displays for both the standard iPhone 16 and the Pro models.  Some suggest a move to 6.3 inches and 6.9 inches, respectively.
* **Solid-State Buttons (Pro Models):**  This is a recurring rumor, suggesting the Pro models might replace physical power and volume buttons with solid-state haptic feedback buttons, similar to the home button on later iPhone models.  This is less certain for the iPhone 16, as it was predicted for the 15 and did not happen.
* **Under-Display Face ID:**  Moving Face ID components under the display would create a true all-screen experience, eliminating the notch or Dynamic Island. This is a long-term rumor and it's unclear if it will be ready for the iPhone 16.
* **Periscope Telephoto Lens (Pro Max):**  This technology allows for significantly improved optical zoom capabilities without increasing the camera bump size. It's likely this will remain exclusive to the Pro Max model initially.
* **Wi-Fi 7:**  Adoption of the latest Wi-Fi standard would offer faster speeds and improved performance in congested environments.
* **A17 Chip (Pro Models) & Enhanced A16 (Standard Models):**  The Pro models will likely get a brand-new A17 chip built on a 3nm process, offering performance and efficiency improvements.  The standard models may get a modified or enhanced version of the A16 chip.
* **USB-C Port:** Driven by EU regulations, Apple is expected to transition to USB-C ports for the iPhone 16, offering faster data transfer and charging compatibility with other devices.
* **Improved Battery Life:**  Battery improvements are expected with each new generation, thanks to chip advancements and potential battery capacity increases.
* **iOS 18:** The iPhone 16 will ship with the newest version of iOS, likely introducing new features and refinements to the user experience.

It's important to wait for official announcements from Apple to confirm these features.  Rumors and leaks can generate excitement, but they don't always reflect the final product.  Stay tuned for updates closer to the expected iPhone 16 launch date in the fall of 2024."
,,samsung is better or iphone 16 is better?,"Whether a Samsung phone (presumably the latest Galaxy S series) or the iPhone 16 is ""better"" is entirely subjective and depends on individual needs and preferences.  There's no single right answer.  Here's a breakdown to help you decide:

**iPhone 16 Advantages (potential, based on previous iPhones and rumors):**

* **iOS Ecosystem:** Seamless integration with other Apple devices (Mac, iPad, Apple Watch).  iMessage, FaceTime, and other Apple services are tightly integrated.
* **Performance and Optimization:** iPhones are known for smooth performance, even with less RAM than Android counterparts, due to tight hardware-software integration.
* **User Experience:** iOS is generally considered easier to learn and use, particularly for those new to smartphones.
* **Resale Value:** iPhones tend to hold their value better than Android phones.
* **Security and Privacy:** Apple has a strong reputation for prioritizing user privacy and security.
* **App Store Curation:**  Apple's App Store has a stricter approval process, generally leading to higher-quality apps.


**Samsung Galaxy S series Advantages (likely for the competing generation):**

* **Customization:** Android offers far more customization options, from widgets and launchers to system-level tweaks.
* **Hardware Flexibility:**  Samsung often offers features like expandable storage, headphone jacks (sometimes), and more port options.
* **Display Technology:** Samsung is known for its vibrant and bright AMOLED displays.
* **Faster Charging:** Samsung phones typically offer faster charging speeds than iPhones.
* **Price:**  Comparable Samsung phones might be slightly less expensive than the iPhone 16.
* **Features:** Samsung often pushes the boundaries with new hardware features and innovations.


**Things to consider personally:**

* **Budget:** iPhones are typically more expensive.
* **Operating System Preference:** Are you already invested in the Apple or Google ecosystem?
* **Specific Needs:** Do you prioritize camera quality, battery life, gaming performance, or something else?
* **Features:** Which specific features are most important to you (e.g., expandable storage, fast charging, specific camera lenses)?


**In short:**  Research the specific models you're considering (e.g., iPhone 16 Pro vs. Samsung Galaxy S24 Ultra) and compare their specs and features. Read reviews and watch comparison videos. Ultimately, the ""better"" phone is the one that best meets *your* individual needs and preferences."
,,samsung update version is?,"Samsung doesn't produce software updates for iPhones.  iPhones run iOS, which is developed by Apple.  Samsung phones run on Android.  Therefore, there's no ""Samsung update version"" for an iPhone 16 (or any iPhone)."
,,iphone 13 is better or iphone 16?,"The iPhone 16 is significantly better than the iPhone 13.  While the 13 was a great phone in its time, technology moves fast.  The iPhone 16 has a newer processor (meaning faster performance, better battery life, and improved camera processing), a better display (likely brighter and with a faster refresh rate), and improved cameras with newer features.  It also benefits from several iOS updates that the 13 won't receive, meaning longer software support and access to the latest features.

Essentially, you're getting several generations worth of improvements with the iPhone 16.  Unless budget is a *major* constraint, the 16 is the clear winner."
,,iphone 13 mobile features?,"The iPhone 13 wasn't available when the question was originally asked about the *iPhone 16*.  Since the iPhone 16 is now available, here's a comparison:

**Key Feature Differences between iPhone 13 and iPhone 16:**

* **Processor:** iPhone 13 has the A15 Bionic chip, while the iPhone 16 features the significantly faster A17 Pro.
* **Display:**  iPhone 13 has a 6.1-inch Super Retina XDR display. The iPhone 16 has a 6.1-inch Super Retina XDR display with higher peak brightness for HDR content and improved power efficiency.  The iPhone 16 also has the Dynamic Island.
* **Camera:** While both have dual rear cameras (Main and Ultra Wide), the iPhone 16 benefits from advancements in computational photography made since the iPhone 13's release, resulting in better image quality, especially in low light. The iPhone 16's camera system may also include newer features introduced after the iPhone 13.
* **5G Capabilities:** While both support 5G, the iPhone 16 likely supports newer 5G bands and potentially offers better 5G performance due to modem advancements. The iPhone 16 supports Wi-Fi 7 for faster WiFi speeds.
* **Battery Life:**  Apple often improves battery life with each generation. The iPhone 16 is likely to offer better battery life than the iPhone 13.
* **Durability:**  Both models offer Ceramic Shield front cover, but Apple often makes incremental durability improvements with each generation, so the iPhone 16 *might* be slightly more durable.
* **Operating System:**  The iPhone 13 shipped with iOS 15 but can be updated. The iPhone 16 ships with iOS 18 and will receive software updates for a longer period.
* **Action Button:** The iPhone 16 Pro models introduced the Action Button.  This button isn't present on the iPhone 13.



If you are considering upgrading from an iPhone 13 to an iPhone 16, the performance improvements, camera upgrades, longer software support, and additional features like the Action Button (Pro models) are significant.  The choice depends on your budget and how important these improvements are to you."
,,samsung vs iphone 13?,"The question asks for a comparison between the Samsung (presumably the latest models like the S23 series or the Z Fold/Flip series) and the iPhone 13, but *in the context of someone considering an iPhone 16*.  This means we need to consider how the older devices compare, acknowledging that the iPhone 16 will be a significant step up from *both*.

Here's a breakdown:

**If someone is considering the iPhone 16 but looking at a Samsung or iPhone 13 as a more budget-friendly option, here's what they should consider:**

* **Performance:** The iPhone 13's A15 chip is still very capable and outperforms many Android phones, including some of the Samsung Galaxy S23 lineup in certain tasks.  However, the newer Samsung flagships (especially the S23 Ultra) boast powerful processors and more RAM, giving them an edge in multitasking and some demanding applications. The iPhone 16 will naturally outperform *both* by a considerable margin.

* **Cameras:** Both the iPhone 13 and high-end Samsungs offer excellent camera systems. Samsung often emphasizes higher megapixel counts and features like Space Zoom, while Apple focuses on computational photography and video quality. The iPhone 16 will likely have further camera improvements.  The best choice depends on individual preferences.

* **Software and Ecosystem:** This is a crucial factor.  If you're heavily invested in the Apple ecosystem (Apple Watch, AirPods, Macs, etc.), the iPhone 13 is a more seamless experience.  Samsung phones run Android, offering more customization options and flexibility. The iPhone 16 will, of course, be within the Apple ecosystem.

* **Display:** Samsung generally uses brighter, more vibrant AMOLED displays.  The iPhone 13 has a great OLED display, but Samsung often pushes the boundaries with features like higher refresh rates (important for smooth scrolling).  The iPhone 16 may adopt some of these newer display technologies.

* **Battery Life:** Battery life can vary depending on usage, but Samsung phones often have larger batteries than iPhones. However, Apple's silicon efficiency often results in competitive battery life.

* **Price:** The iPhone 13 is now older, so it's likely more affordable than a comparable Samsung flagship or the iPhone 16.

**In short:**

* **Choosing the iPhone 13 over a Samsung (if considering an iPhone 16):** Makes sense if you prioritize a smooth transition within the Apple ecosystem, value a still-powerful device at a lower price, and prioritize Apple's approach to software and camera processing.

* **Choosing a Samsung over the iPhone 13 (if considering an iPhone 16):** Makes sense if you prioritize display quality, prefer Android's flexibility and customization, want specific Samsung features (like the S-Pen), and are comfortable switching ecosystems (or aren't heavily invested in one).


Ultimately, waiting for the iPhone 16 means getting the latest and greatest technology, but it comes at a premium.  If the budget is a concern, both the iPhone 13 and current Samsung flagships are excellent phones with different strengths.  The best choice depends on individual needs and priorities."
,,features of iphone16?,"As of October 26, 2023, the iPhone 16 hasn't been officially announced by Apple.  Therefore, any ""features"" are purely speculation and rumors.  These rumors should be taken with a grain of salt, as they often change or prove inaccurate.

That said, here are some *rumored* features that have been circulating for the iPhone 16 lineup:

* **Solid-state buttons:**  This is a persistent rumor, suggesting the iPhone 16 Pro models might replace the physical volume and power buttons with haptic feedback buttons similar to the home button on later iPhones. This would improve water resistance and potentially offer new functionalities. However, this rumor has also been retracted by some analysts.
* **Under-display Face ID:**  Moving the Face ID components completely under the display would create a truly all-screen experience.  This is a complex technological challenge and its implementation in the iPhone 16 is uncertain.
* **Periscope telephoto lens:** This technology allows for greater optical zoom capabilities without increasing the camera bump significantly. It's been rumored for a few iPhone generations, with some suggesting it will only be available on the Pro Max model.
* **A17 Pro or A18 chip:** Each new iPhone generation typically features a new, more powerful processor. The iPhone 16 is expected to continue this trend.
* **Wi-Fi 7:**  Adoption of the latest Wi-Fi standard would bring faster speeds and improved performance.
* **Improved battery life:**  Battery life improvements are always expected with new iPhones.
* **USB-C port:**  While the iPhone 15 models are transitioning to USB-C,  it's safe to assume the iPhone 16 will maintain this port.
* **Refinement of Dynamic Island:** The Dynamic Island, introduced on the iPhone 14 Pro, is likely to receive further software enhancements and integration with more apps.

It's important to remember that these are just *rumors*.  The actual features of the iPhone 16 may differ significantly.  For reliable information, wait for official announcements from Apple, typically in September of each year."
,,features of iphone16?,"The iPhone 16 hasn't been officially announced yet, so any features listed are based on rumors, leaks, and analyst predictions.  These are not confirmed and should be taken with a grain of salt.  Apple could always surprise us!

Here are some *potential* features that have been discussed for the iPhone 16 models:

**Possible Features for iPhone 16 and 16 Plus:**

* **A17 Chip (or a variation):**  An upgraded processor is expected, likely offering performance and efficiency improvements.
* **Camera Enhancements:** While specifics are unclear, camera upgrades are typical with each new iPhone generation. This might include better low-light performance, improved image processing, or sensor upgrades.
* **Dynamic Island Expansion?:** Some rumors suggest the Dynamic Island might see functional or size adjustments, but this isn't confirmed.
* **USB-C Port:**  Highly likely due to EU regulations.
* **Wi-Fi 7:** Improved Wi-Fi speeds and performance are possible.
* **Minor Design Refinements:** Apple often makes subtle design tweaks each year, but significant changes are less likely given the larger redesign with the iPhone 14.
* **iOS 18:** The iPhone 16 will ship with the latest version of iOS, which will likely introduce its own set of new features and improvements.


**Possible Features Specific to iPhone 16 Pro and 16 Pro Max:**

* **A18 Chip (or a variation):**  The Pro models usually get a more powerful chip than the standard models.
* **Periscope Telephoto Lens (Possibly only on Pro Max):** This is a highly anticipated feature that could significantly improve optical zoom capabilities.
* **Titanium Frame (Possibly only on Pro Max):**  This would make the phone more durable and potentially lighter.
* **Solid-State Buttons (Possibly delayed or cancelled):** There were rumors about replacing physical buttons with haptic feedback, but more recent reports suggest this has been postponed due to technical challenges.
* **Larger Display Size (Especially Pro Max):**  Some rumors suggest a slightly larger display for the Pro Max model.
* **Improved ProMotion Display:**  Potentially higher peak brightness and/or an even more adaptive refresh rate.


It's important to remember that these are just potential features. Until Apple officially unveils the iPhone 16, we won't know for sure what it will offer.  Keep an eye on reputable tech news sources closer to the expected launch date (typically September) for more concrete information."
,,features of iPhone 16,"Sorry, I couldn't generate an answer."
,,features of iPhone 16,"As of October 26, 2023, the iPhone 16 hasn't been officially announced by Apple.  Therefore, any ""features"" are based on rumors, leaks, and analyst predictions, and should be taken with a large grain of salt.  These predictions can change significantly before the actual release.

That said, here are some *rumored* and *expected* features of the iPhone 16, based on current speculation:

**Potential Features for iPhone 16 (and possibly 16 Plus):**

* **Larger Displays:**  Some rumors suggest a slight increase in screen size for both the regular and Plus models.
* **A17 Bionic Chip Refinements:** While the Pro models are likely to get the next-generation chip, the standard iPhone 16 models may receive a refined or tweaked version of the A17 chip found in the iPhone 15 Pro models.
* **Camera Improvements:** Enhancements to the camera system are almost a given with each iteration.  Upgrades to the main camera sensor or improved image processing are likely.
* **Wi-Fi 7:** While the iPhone 15 introduced Wi-Fi 6E, some rumors suggest the 16 might jump to Wi-Fi 7 for even faster wireless speeds. This is less certain for the non-Pro models.
* **USB-C:** This is almost certain, as Apple is moving its entire lineup to USB-C following EU regulations.
* **Design Refinements:** Minor changes to the design are possible, though unlikely to be dramatic.
* **iOS 18:** The iPhone 16 will ship with the next major version of iOS, which will likely have its own set of new features and improvements.
* **Dynamic Island:** This feature, introduced with the iPhone 14 Pro models, might trickle down to the standard iPhone 16 models.

**Important Note:**  It's crucial to remember that these are just rumors. Features can be added, removed, or changed entirely before the official announcement.  For the most accurate information, wait for Apple's official announcements.  Reliable news sources and tech reviewers will provide further information as it becomes available closer to the expected launch in the fall of 2024."
,,features of iPhone 16,"As of October 26, 2023, the iPhone 16 hasn't been officially announced by Apple.  Therefore, any ""features"" are based on rumors, speculation, and analyst predictions.  These should be taken with a grain of salt, as they often prove inaccurate or change before release.

That being said, here are some commonly discussed *potential* features of the iPhone 16, based on current trends and rumors:

* **Larger Displays:**  A continued push towards larger screen sizes, especially for the Pro Max models, is possible.
* **Under-display Face ID:**  This is a long-rumored feature that would eliminate the notch or Dynamic Island entirely, creating a truly all-screen experience.  It's unclear if the technology will be ready for the iPhone 16 generation.
* **Solid-State Buttons:**  Rumors suggest Apple is exploring replacing the physical power and volume buttons with solid-state, haptic feedback-based buttons, similar to the home button on the iPhone 7 and later. This is more likely for the Pro models and may not appear until the iPhone 16 Pro or even later models.
* **Improved Camera System:**  Camera advancements are a given with every new iPhone. Expect potential improvements in sensor size, low-light performance, and zoom capabilities. Periscope zoom lens is rumored to be coming to more models, possibly even the standard iPhone 16.
* **A17 or A18 Chip:**  A new, more powerful and efficient processor is expected, likely built on a more advanced manufacturing process, leading to performance and battery life gains.
* **Wi-Fi 7:**  Adoption of the latest Wi-Fi standard is plausible, offering faster wireless speeds and improved performance.
* **USB-C Port:** Driven by EU regulations, Apple is expected to transition fully to USB-C across the iPhone lineup.  This is very likely.
* **Further Refinements to Dynamic Island:**  While a full removal of the Dynamic Island in favor of under-display Face ID is a possibility, it's also possible Apple will continue to refine and expand the functionality of the Dynamic Island if they keep it.

**It's important to reiterate that these are just potential features based on speculation. The actual features of the iPhone 16 may be different.**  Stay tuned for official announcements from Apple, which typically happen in September of each year."
,,features of iPhone 16,"As of October 26, 2023, the iPhone 16 hasn't been officially announced by Apple.  Therefore, any ""features"" are based on rumors, leaks, and analyst predictions, which should be taken with a grain of salt.  These predictions can change significantly before the actual release.

That said, here are some *potential* features that have been discussed for the iPhone 16, based on current trends and speculation:

**Possible features for iPhone 16 (rumored):**

* **Larger Displays:**  Some rumors suggest even larger display sizes for the Pro Max models, potentially pushing towards 7 inches.
* **Solid-State Buttons:** This has been rumored and then seemingly shelved for cost reasons, but could reappear in later models. These would replace the physical volume and power buttons with haptic feedback systems.
* **Under-display Face ID:**  This is a long-standing rumor, suggesting the entire Face ID system would be hidden beneath the display, providing a truly all-screen experience.  This might not appear until the 17 or later.
* **Improved Cameras:**  Camera improvements are practically a given with each new iPhone generation. Expect potential upgrades in sensor size, low-light performance, and zoom capabilities.  Periscope zoom on the Pro models is frequently mentioned.
* **A17 or A18 Chip:**  A new, more powerful and efficient processor is guaranteed. Expect significant performance and battery life enhancements.
* **Wi-Fi 7:**  Adoption of the latest Wi-Fi standard is possible, offering faster speeds and lower latency.
* **USB-C Port:**  While the iPhone 15 models are transitioning to USB-C, the iPhone 16 will likely continue with this port, potentially with faster data transfer speeds.
* **Further Refinements to Dynamic Island:**  Apple is likely to continue developing and refining the Dynamic Island, expanding its functionality and integration with more apps and system features.
* **Improved Battery Life:**  Battery life is always a focus, and improvements are expected through a combination of hardware and software optimizations.

**Important Note:**  It's crucial to remember that these are just rumors and speculation. The actual features of the iPhone 16 may be very different from what is currently being discussed.  The best source of information will be Apple's official announcements closer to the expected launch date (likely in September 2024).  Keep an eye on reputable tech news sites for the latest, most accurate information."
,,features of iPhone 16,"Since the iPhone 16 hasn't been released yet, any features discussed are based on rumors, leaks, analyst predictions, and Apple's typical development patterns.  These are **not confirmed** and should be taken with a grain of salt.  Features are subject to change before release.

Potential features for the iPhone 16 lineup (including the base model, Pro, and potential Pro Max/Ultra):

**Likely Improvements Across the Lineup:**

* **A17 or A18 Chip:**  A new, more powerful and efficient processor is a given.  The regular iPhone 16 models are likely to get the current A17 chip from the iPhone 15 Pro models, while the iPhone 16 Pro models will get a brand new, even more powerful chip.
* **iOS 18:**  A new version of iOS with potential new features and refinements is expected.
* **Camera Enhancements:**  Improvements to camera hardware and software are almost certain, though the specifics are unknown. This might include better low-light performance, improved image processing, or new camera modes.
* **Battery Life Improvements:**  While not always dramatic, Apple usually tries to improve battery life with each generation.
* **Refinement of the Dynamic Island:**  We might see improvements or expansions to the Dynamic Island's functionality.


**Potential Features for the iPhone 16 Pro Models:**

* **Solid-State Buttons:**  Rumors suggest that Apple might introduce solid-state power and volume buttons, similar to the home button on later iPhones. This could improve durability and water resistance. However, this might be pushed back to the iPhone 17 or later due to reported manufacturing complexities.
* **Periscope Telephoto Lens:** This technology allows for significantly improved optical zoom capabilities, potentially bringing 5x or even 10x optical zoom.
* **Titanium Frame:**  Like the Apple Watch Ultra, the Pro models might adopt a titanium frame for increased durability and a lighter weight.
* **Under-Display Face ID:** While this has been rumored for a while,  it's uncertain whether it will be ready for the iPhone 16.  It could allow for a truly full-screen display without a notch or Dynamic Island.
* **Higher Refresh Rate ProMotion Display:**  The Pro models may get an even faster ProMotion display, potentially going beyond 120Hz for smoother scrolling and animations.


**Other Possibilities:**

* **Wi-Fi 7:**  Adoption of the latest Wi-Fi standard for faster wireless speeds.
* **Improved 5G Modem:**  A more efficient and powerful 5G modem could improve connectivity and battery life.


**Important Note:** This is not an exhaustive list, and some of these features may not make it to the final product.  It's best to wait for official announcements from Apple for confirmed details about the iPhone 16.  Stay tuned for updates as we get closer to the expected release date in the fall of 2024."
,,what are the features of iphone16?,"The iPhone 16 hasn't been officially released yet, so concrete features are still speculative. However, based on rumors, analyst predictions, and Apple's historical trends, here are some potential features of the iPhone 16:

**Likely/Rumored Features:**

* **A17 Chip:**  A next-generation A17 chip is almost certain, offering improvements in performance, efficiency, and potentially graphics capabilities.  It's likely built on a 3nm process, further enhancing power and battery life.
* **Camera Improvements:**  Apple consistently iterates on its camera technology. We might see larger sensors, improved low-light performance, enhanced zoom capabilities, and possibly advancements in computational photography.
* **Display Enhancements:** While the Pro models may see more significant display upgrades, even the base iPhone 16 could get refinements like higher peak brightness, improved color accuracy, or ProMotion technology (adaptive refresh rate).
* **Connectivity Upgrades:**  Expect continued improvements in 5G modem technology, potentially with support for newer and faster standards.  Wi-Fi 7 could also be a possibility, providing faster and more stable wireless connections.
* **Minor Design Tweaks:**  While a radical redesign isn't expected every year, Apple might introduce subtle changes to the iPhone 16's design, such as refined edges, slightly different dimensions, or new color options.
* **iOS 18:** The iPhone 16 will almost certainly ship with iOS 18, which will bring new features and improvements to the software experience.

**Possible/Less Certain Features:**

* **Under-Display Face ID:**  While this has been rumored for several years, it's unclear if it will be ready for the iPhone 16.  This would provide a true full-screen display experience.
* **Solid-State Buttons:**  Replacing physical buttons with solid-state haptic feedback buttons has also been suggested. This could provide greater durability and water resistance.
* **Periscope Zoom Lens (Possibly Pro Models Only):** This technology allows for significantly greater optical zoom capabilities. It's more likely to appear on the Pro models first, if at all.
* **Portless iPhone (Possibly Pro Models Only):**  A completely portless iPhone relying solely on wireless charging and data transfer has been discussed.  Again, this is more likely to be a Pro model feature initially.

**Important Note:**  It's crucial to remember that these are just predictions and rumors. The actual features of the iPhone 16 may differ significantly.  Wait for official announcements from Apple for confirmed information."
,,what are the features of iPhone 16,"As of October 26, 2023, the iPhone 16 has not been officially announced by Apple. Therefore, any features discussed are based on rumors, leaks, and analyst predictions, and should be taken with a grain of salt.  These predictions can change significantly before the official release.

Here's a summary of *rumored* and *predicted* iPhone 16 features:

**Most frequently rumored/predicted:**

* **Under-display Face ID:**  This is consistently mentioned as a potential feature for the iPhone 16 Pro models, allowing for a larger display area uninterrupted by the notch or Dynamic Island.
* **Solid-state buttons (Pro models):**  Rumors suggest the Pro models might replace physical power and volume buttons with solid-state, haptic-feedback buttons similar to the home button on later iPhone models.  This is less certain than under-display Face ID.
* **Periscope telephoto lens (Pro Max):**  An improved periscope lens offering a more significant optical zoom range is expected, likely exclusive to the Pro Max model.
* **A17 Pro chip (Pro Models) / A18 Bionic Chip (Standard Models):**  Apple typically introduces a new chip with each iPhone generation.  The Pro models are expected to get the more advanced version.
* **Wi-Fi 7:** Increased Wi-Fi speeds and improved performance are expected with the potential inclusion of Wi-Fi 7.
* **Improved battery life:**  Each generation typically aims for better battery life.


**Other less certain rumors/predictions:**

* **Larger screen sizes (especially Pro Max):** Some rumors suggest slightly larger displays, particularly for the Pro Max model.
* **Titanium frame (Pro models):**  A stronger and lighter titanium frame has been rumored for the Pro iPhones.
* **Higher refresh rate for standard models:** The ProMotion technology (adaptive refresh rates up to 120Hz) might finally trickle down to the standard iPhone 16 models.

**Important Note:** These are just rumors and speculation. It's important to wait for official announcements from Apple for confirmation of any features.  Apple is known for its secrecy, and the final product could differ significantly from these predictions.  Keep an eye on reputable tech news sources closer to the expected release date (usually September) for more concrete information."
,,what are the features of iPhone 16,"The iPhone 16 hasn't been officially announced yet, so concrete features are still speculative. However, based on rumors, analyst predictions, and Apple's typical upgrade patterns, here are some *potential* features of the iPhone 16 lineup:

**Likely Features (based on current trends):**

* **Processor Upgrade:**  An A18 Bionic chip is virtually guaranteed, offering improved performance and power efficiency.
* **Camera Improvements:**  Expect enhancements to camera hardware and software, potentially including better low-light performance, higher resolution sensors, and improved video recording capabilities.
* **iOS 18:** The iPhone 16 will ship with the latest version of iOS, which will likely include new features and refinements.
* **Minor Design Tweaks:** While a complete redesign isn't expected every year, subtle changes to the design are possible, such as refined edges, slightly different dimensions, or new color options.

**Rumored/Possible Features:**

* **Solid-State Buttons (Pro Models):**  Rumors suggest that the higher-end iPhone 16 Pro models may switch to solid-state power and volume buttons, similar to the home button on later iPhones. This could offer improved durability and water resistance.
* **Under-Display Face ID:** While initially predicted for earlier models, this technology could potentially arrive with the iPhone 16, allowing for a truly all-screen experience.
* **Periscope Zoom Lens (Pro Models):** This technology, already present in some Android phones, would allow for significantly improved optical zoom capabilities.
* **Wi-Fi 7:** Adoption of the latest Wi-Fi standard could bring faster wireless speeds.
* **Improved Battery Life:**  Apple continually works to improve battery life, so this is always a possibility.


**Important Note:**  It's crucial to remember that these are just potential features.  Until Apple officially unveils the iPhone 16, these are subject to change.  Treat these predictions as speculation, not confirmed information.  The best source for accurate information will be Apple's official announcements."
,,what is the battery life of iPhone 13,"Sorry, I couldn't generate an answer."
,,battery life of iPhone 16,"Apple doesn't release official battery life *specifications* in terms of milliampere hours (mAh) or hours of usage. They tend to market battery life in terms of usage compared to the previous generation.  For example, they might say ""X hours of video playback"" or ""X hours longer battery life than iPhone 15.""

Therefore, you can't find a definitive ""iPhone 16 battery life is X hours"" answer before release and even then, real-world usage varies.

**To find information about the iPhone 16's battery life, you should:**

* **Wait for official Apple announcements:**  Check Apple's website and press releases around the expected launch date (typically September).
* **Read early reviews:** Once review units are available, tech reviewers often perform battery tests and publish their results.  These will give you a better idea of real-world performance.
* **Check user feedback:** After the phone is released, user forums and social media will start filling with reports of actual battery life experiences. Keep in mind these are anecdotal and individual results can vary significantly.

Keep in mind that battery life is impacted by many factors including screen brightness, cellular signal strength, apps used, background processes, and temperature."
,,battery life of iPhone 16,"Apple doesn't release official battery life *specifications* in terms of milliampere-hours (mAh) or hours of use.  They tend to market battery life in terms of usage relative to the previous generation.  For example, they might say ""X hours of video playback,"" or ""up to X hours longer audio playback"" compared to the iPhone 15.

Therefore, there's no official battery life number for the iPhone 16 yet.  You'll have to wait for Apple's official announcement and subsequent reviews to get a real-world understanding of the battery performance.  Early rumors and leaks are often unreliable.

Keep an eye on these resources closer to the iPhone 16's release (typically in September):

* **Apple's official website:** Check the iPhone 16 product page when it's available.
* **Tech reviewers:** Websites like AnandTech, The Verge, GSMArena, and others will conduct battery tests and report their findings.

Once reviews are out, you'll get a much clearer picture of the iPhone 16's battery life in different usage scenarios."
,,is iPhone 14 is better or iPhone 16 is better,"The iPhone 16 is better than the iPhone 14.  While the iPhone 14 is still a good phone, the 16 features newer technology, resulting in improvements across the board.  You can expect things like:

* **A more powerful processor:**  Leading to better performance, smoother multitasking, and improved gaming.
* **Camera advancements:**  Likely better low-light performance, improved image processing, and potentially new features.
* **Longer battery life:** Battery technology typically improves with each generation.
* **Brighter display:**  Often with better color accuracy.
* **Potentially new features:** Apple often introduces new features with each phone release.

So, while the iPhone 14 might be cheaper, the iPhone 16 offers a significantly upgraded experience."
