ID,Category,Question
1,Basic Features,Does this have sleep mode?
2,Battery & Charging,Is this compatible with older iPhones?
3,Display & Performance,Does iPhone 16 support dual SIM?
4,Camera,Is the iPhone 16 waterproof?
5,Software & Security,Does the iPhone 16 have a headphone jack?
6,Storage & Connectivity,What is the battery life of the iPhone 16?
7,Basic Features,Does the iPhone 16 support fast charging?
8,Battery & Charging,Can I use a 30W charger for iPhone 16?
9,Display & Performance,Does iPhone 16 support wireless charging?
10,Camera,How long does it take to fully charge iPhone 16?
11,Software & Security,What is the screen size of iPhone 16?
12,Storage & Connectivity,Does iPhone 16 have a 120Hz refresh rate?
13,Basic Features,What processor does the iPhone 16 use?
14,Battery & Charging,Is there an Always-On display feature?
15,Display & Performance,Does iPhone 16 support gaming at 120 FPS?
16,Camera,How many cameras does iPhone 16 have?
17,Software & Security,Does iPhone 16 support 8K video recording?
18,Storage & Connectivity,Is there a night mode for selfies?
19,Basic Features,What is the megapixel count of the iPhone 16 camera?
20,Battery & Charging,Can I shoot RAW photos on iPhone 16?
21,Display & Performance,Does iPhone 16 support Face ID?
22,Camera,Will iPhone 16 get future iOS updates?
23,Software & Security,Can I use Touch ID on iPhone 16?
24,Storage & Connectivity,Does iPhone 16 have AI-driven photo editing?
25,Basic Features,Can I unlock my iPhone 16 while wearing a mask?
26,Battery & Charging,What storage options are available for iPhone 16?
27,Display & Performance,Does iPhone 16 support 5G networks?
28,Camera,Can I expand storage with an SD card?
29,Software & Security,Does iPhone 16 have a USB-C port?
30,Storage & Connectivity,Does it support WiFi 6E or WiFi 7?
31,Basic Features,Does this have sleep mode?
32,Battery & Charging,Is this compatible with older iPhones?
33,Display & Performance,Does iPhone 16 support dual SIM?
34,Camera,Is the iPhone 16 waterproof?
35,Software & Security,Does the iPhone 16 have a headphone jack?
36,Storage & Connectivity,What is the battery life of the iPhone 16?
37,Basic Features,Does the iPhone 16 support fast charging?
38,Battery & Charging,Can I use a 30W charger for iPhone 16?
39,Display & Performance,Does iPhone 16 support wireless charging?
40,Camera,How long does it take to fully charge iPhone 16?
41,Software & Security,What is the screen size of iPhone 16?
42,Storage & Connectivity,Does iPhone 16 have a 120Hz refresh rate?
43,Basic Features,What processor does the iPhone 16 use?
44,Battery & Charging,Is there an Always-On display feature?
45,Display & Performance,Does iPhone 16 support gaming at 120 FPS?
46,Camera,How many cameras does iPhone 16 have?
47,Software & Security,Does iPhone 16 support 8K video recording?
48,Storage & Connectivity,Is there a night mode for selfies?
49,Basic Features,What is the megapixel count of the iPhone 16 camera?
50,Battery & Charging,Can I shoot RAW photos on iPhone 16?
51,Display & Performance,Does iPhone 16 support Face ID?
52,Camera,Will iPhone 16 get future iOS updates?
53,Software & Security,Can I use Touch ID on iPhone 16?
54,Storage & Connectivity,Does iPhone 16 have AI-driven photo editing?
55,Basic Features,Can I unlock my iPhone 16 while wearing a mask?
56,Battery & Charging,What storage options are available for iPhone 16?
57,Display & Performance,Does iPhone 16 support 5G networks?
58,Camera,Can I expand storage with an SD card?
59,Software & Security,Does iPhone 16 have a USB-C port?
60,Storage & Connectivity,Does it support WiFi 6E or WiFi 7?
61,Basic Features,Does this have sleep mode?
62,Battery & Charging,Is this compatible with older iPhones?
63,Display & Performance,Does iPhone 16 support dual SIM?
64,Camera,Is the iPhone 16 waterproof?
65,Software & Security,Does the iPhone 16 have a headphone jack?
66,Storage & Connectivity,What is the battery life of the iPhone 16?
67,Basic Features,Does the iPhone 16 support fast charging?
68,Battery & Charging,Can I use a 30W charger for iPhone 16?
69,Display & Performance,Does iPhone 16 support wireless charging?
70,Camera,How long does it take to fully charge iPhone 16?
71,Software & Security,What is the screen size of iPhone 16?
72,Storage & Connectivity,Does iPhone 16 have a 120Hz refresh rate?
73,Basic Features,What processor does the iPhone 16 use?
74,Battery & Charging,Is there an Always-On display feature?
75,Display & Performance,Does iPhone 16 support gaming at 120 FPS?
76,Camera,How many cameras does iPhone 16 have?
77,Software & Security,Does iPhone 16 support 8K video recording?
78,Storage & Connectivity,Is there a night mode for selfies?
79,Basic Features,What is the megapixel count of the iPhone 16 camera?
80,Battery & Charging,Can I shoot RAW photos on iPhone 16?
81,Display & Performance,Does iPhone 16 support Face ID?
82,Camera,Will iPhone 16 get future iOS updates?
83,Software & Security,Can I use Touch ID on iPhone 16?
84,Storage & Connectivity,Does iPhone 16 have AI-driven photo editing?
85,Basic Features,Can I unlock my iPhone 16 while wearing a mask?
86,Battery & Charging,What storage options are available for iPhone 16?
87,Display & Performance,Does iPhone 16 support 5G networks?
88,Camera,Can I expand storage with an SD card?
89,Software & Security,Does iPhone 16 have a USB-C port?
90,Storage & Connectivity,Does it support WiFi 6E or WiFi 7?
91,Basic Features,Does this have sleep mode?
92,Battery & Charging,Is this compatible with older iPhones?
93,Display & Performance,Does iPhone 16 support dual SIM?
94,Camera,Is the iPhone 16 waterproof?
95,Software & Security,Does the iPhone 16 have a headphone jack?
96,Storage & Connectivity,What is the battery life of the iPhone 16?
97,Basic Features,Does the iPhone 16 support fast charging?
98,Battery & Charging,Can I use a 30W charger for iPhone 16?
99,Display & Performance,Does iPhone 16 support wireless charging?
100,Camera,How long does it take to fully charge iPhone 16?
101,Software & Security,What is the screen size of iPhone 16?
102,Storage & Connectivity,Does iPhone 16 have a 120Hz refresh rate?
103,Basic Features,What processor does the iPhone 16 use?
104,Battery & Charging,Is there an Always-On display feature?
105,Display & Performance,Does iPhone 16 support gaming at 120 FPS?
106,Camera,How many cameras does iPhone 16 have?
107,Software & Security,Does iPhone 16 support 8K video recording?
108,Storage & Connectivity,Is there a night mode for selfies?
109,Basic Features,What is the megapixel count of the iPhone 16 camera?
110,Battery & Charging,Can I shoot RAW photos on iPhone 16?
111,Display & Performance,Does iPhone 16 support Face ID?
112,Camera,Will iPhone 16 get future iOS updates?
113,Software & Security,Can I use Touch ID on iPhone 16?
114,Storage & Connectivity,Does iPhone 16 have AI-driven photo editing?
115,Basic Features,Can I unlock my iPhone 16 while wearing a mask?
116,Battery & Charging,What storage options are available for iPhone 16?
117,Display & Performance,Does iPhone 16 support 5G networks?
118,Camera,Can I expand storage with an SD card?
119,Software & Security,Does iPhone 16 have a USB-C port?
120,Storage & Connectivity,Does it support WiFi 6E or WiFi 7?
121,Basic Features,Does this have sleep mode?
122,Battery & Charging,Is this compatible with older iPhones?
123,Display & Performance,Does iPhone 16 support dual SIM?
124,Camera,Is the iPhone 16 waterproof?
125,Software & Security,Does the iPhone 16 have a headphone jack?
126,Storage & Connectivity,What is the battery life of the iPhone 16?
127,Basic Features,Does the iPhone 16 support fast charging?
128,Battery & Charging,Can I use a 30W charger for iPhone 16?
129,Display & Performance,Does iPhone 16 support wireless charging?
130,Camera,How long does it take to fully charge iPhone 16?
131,Software & Security,What is the screen size of iPhone 16?
132,Storage & Connectivity,Does iPhone 16 have a 120Hz refresh rate?
133,Basic Features,What processor does the iPhone 16 use?
134,Battery & Charging,Is there an Always-On display feature?
135,Display & Performance,Does iPhone 16 support gaming at 120 FPS?
136,Camera,How many cameras does iPhone 16 have?
137,Software & Security,Does iPhone 16 support 8K video recording?
138,Storage & Connectivity,Is there a night mode for selfies?
139,Basic Features,What is the megapixel count of the iPhone 16 camera?
140,Battery & Charging,Can I shoot RAW photos on iPhone 16?
141,Display & Performance,Does iPhone 16 support Face ID?
142,Camera,Will iPhone 16 get future iOS updates?
143,Software & Security,Can I use Touch ID on iPhone 16?
144,Storage & Connectivity,Does iPhone 16 have AI-driven photo editing?
145,Basic Features,Can I unlock my iPhone 16 while wearing a mask?
146,Battery & Charging,What storage options are available for iPhone 16?
147,Display & Performance,Does iPhone 16 support 5G networks?
148,Camera,Can I expand storage with an SD card?
149,Software & Security,Does iPhone 16 have a USB-C port?
150,Storage & Connectivity,Does it support WiFi 6E or WiFi 7?
151,Basic Features,Does this have sleep mode?
152,Battery & Charging,Is this compatible with older iPhones?
153,Display & Performance,Does iPhone 16 support dual SIM?
154,Camera,Is the iPhone 16 waterproof?
155,Software & Security,Does the iPhone 16 have a headphone jack?
156,Storage & Connectivity,What is the battery life of the iPhone 16?
157,Basic Features,Does the iPhone 16 support fast charging?
158,Battery & Charging,Can I use a 30W charger for iPhone 16?
159,Display & Performance,Does iPhone 16 support wireless charging?
160,Camera,How long does it take to fully charge iPhone 16?
161,Software & Security,What is the screen size of iPhone 16?
162,Storage & Connectivity,Does iPhone 16 have a 120Hz refresh rate?
163,Basic Features,What processor does the iPhone 16 use?
164,Battery & Charging,Is there an Always-On display feature?
165,Display & Performance,Does iPhone 16 support gaming at 120 FPS?
166,Camera,How many cameras does iPhone 16 have?
167,Software & Security,Does iPhone 16 support 8K video recording?
168,Storage & Connectivity,Is there a night mode for selfies?
169,Basic Features,What is the megapixel count of the iPhone 16 camera?
170,Battery & Charging,Can I shoot RAW photos on iPhone 16?
171,Display & Performance,Does iPhone 16 support Face ID?
172,Camera,Will iPhone 16 get future iOS updates?
173,Software & Security,Can I use Touch ID on iPhone 16?
174,Storage & Connectivity,Does iPhone 16 have AI-driven photo editing?
175,Basic Features,Can I unlock my iPhone 16 while wearing a mask?
176,Battery & Charging,What storage options are available for iPhone 16?
177,Display & Performance,Does iPhone 16 support 5G networks?
178,Camera,Can I expand storage with an SD card?
179,Software & Security,Does iPhone 16 have a USB-C port?
180,Storage & Connectivity,Does it support WiFi 6E or WiFi 7?
181,Basic Features,Does this have sleep mode?
182,Battery & Charging,Is this compatible with older iPhones?
183,Display & Performance,Does iPhone 16 support dual SIM?
184,Camera,Is the iPhone 16 waterproof?
185,Software & Security,Does the iPhone 16 have a headphone jack?
186,Storage & Connectivity,What is the battery life of the iPhone 16?
187,Basic Features,Does the iPhone 16 support fast charging?
188,Battery & Charging,Can I use a 30W charger for iPhone 16?
189,Display & Performance,Does iPhone 16 support wireless charging?
190,Camera,How long does it take to fully charge iPhone 16?
191,Software & Security,What is the screen size of iPhone 16?
192,Storage & Connectivity,Does iPhone 16 have a 120Hz refresh rate?
193,Basic Features,What processor does the iPhone 16 use?
194,Battery & Charging,Is there an Always-On display feature?
195,Display & Performance,Does iPhone 16 support gaming at 120 FPS?
196,Camera,How many cameras does iPhone 16 have?
197,Software & Security,Does iPhone 16 support 8K video recording?
198,Storage & Connectivity,Is there a night mode for selfies?
199,Basic Features,What is the megapixel count of the iPhone 16 camera?
200,Battery & Charging,Can I shoot RAW photos on iPhone 16?
201,Display & Performance,Does iPhone 16 support Face ID?
202,Camera,Will iPhone 16 get future iOS updates?
203,Software & Security,Can I use Touch ID on iPhone 16?
204,Storage & Connectivity,Does iPhone 16 have AI-driven photo editing?
205,Basic Features,Can I unlock my iPhone 16 while wearing a mask?
206,Battery & Charging,What storage options are available for iPhone 16?
207,Display & Performance,Does iPhone 16 support 5G networks?
208,Camera,Can I expand storage with an SD card?
209,Software & Security,Does iPhone 16 have a USB-C port?
210,Storage & Connectivity,Does it support WiFi 6E or WiFi 7?
211,Basic Features,Does this have sleep mode?
212,Battery & Charging,Is this compatible with older iPhones?
213,Display & Performance,Does iPhone 16 support dual SIM?
214,Camera,Is the iPhone 16 waterproof?
215,Software & Security,Does the iPhone 16 have a headphone jack?
216,Storage & Connectivity,What is the battery life of the iPhone 16?
217,Basic Features,Does the iPhone 16 support fast charging?
218,Battery & Charging,Can I use a 30W charger for iPhone 16?
219,Display & Performance,Does iPhone 16 support wireless charging?
220,Camera,How long does it take to fully charge iPhone 16?
221,Software & Security,What is the screen size of iPhone 16?
222,Storage & Connectivity,Does iPhone 16 have a 120Hz refresh rate?
223,Basic Features,What processor does the iPhone 16 use?
224,Battery & Charging,Is there an Always-On display feature?
225,Display & Performance,Does iPhone 16 support gaming at 120 FPS?
226,Camera,How many cameras does iPhone 16 have?
227,Software & Security,Does iPhone 16 support 8K video recording?
228,Storage & Connectivity,Is there a night mode for selfies?
229,Basic Features,What is the megapixel count of the iPhone 16 camera?
230,Battery & Charging,Can I shoot RAW photos on iPhone 16?
231,Display & Performance,Does iPhone 16 support Face ID?
232,Camera,Will iPhone 16 get future iOS updates?
233,Software & Security,Can I use Touch ID on iPhone 16?
234,Storage & Connectivity,Does iPhone 16 have AI-driven photo editing?
235,Basic Features,Can I unlock my iPhone 16 while wearing a mask?
236,Battery & Charging,What storage options are available for iPhone 16?
237,Display & Performance,Does iPhone 16 support 5G networks?
238,Camera,Can I expand storage with an SD card?
239,Software & Security,Does iPhone 16 have a USB-C port?
240,Storage & Connectivity,Does it support WiFi 6E or WiFi 7?
241,Basic Features,Does this have sleep mode?
242,Battery & Charging,Is this compatible with older iPhones?
243,Display & Performance,Does iPhone 16 support dual SIM?
244,Camera,Is the iPhone 16 waterproof?
245,Software & Security,Does the iPhone 16 have a headphone jack?
246,Storage & Connectivity,What is the battery life of the iPhone 16?
247,Basic Features,Does the iPhone 16 support fast charging?
248,Battery & Charging,Can I use a 30W charger for iPhone 16?
249,Display & Performance,Does iPhone 16 support wireless charging?
250,Camera,How long does it take to fully charge iPhone 16?
251,Software & Security,What is the screen size of iPhone 16?
252,Storage & Connectivity,Does iPhone 16 have a 120Hz refresh rate?
253,Basic Features,What processor does the iPhone 16 use?
254,Battery & Charging,Is there an Always-On display feature?
255,Display & Performance,Does iPhone 16 support gaming at 120 FPS?
256,Camera,How many cameras does iPhone 16 have?
257,Software & Security,Does iPhone 16 support 8K video recording?
258,Storage & Connectivity,Is there a night mode for selfies?
259,Basic Features,What is the megapixel count of the iPhone 16 camera?
260,Battery & Charging,Can I shoot RAW photos on iPhone 16?
261,Display & Performance,Does iPhone 16 support Face ID?
262,Camera,Will iPhone 16 get future iOS updates?
263,Software & Security,Can I use Touch ID on iPhone 16?
264,Storage & Connectivity,Does iPhone 16 have AI-driven photo editing?
265,Basic Features,Can I unlock my iPhone 16 while wearing a mask?
266,Battery & Charging,What storage options are available for iPhone 16?
267,Display & Performance,Does iPhone 16 support 5G networks?
268,Camera,Can I expand storage with an SD card?
269,Software & Security,Does iPhone 16 have a USB-C port?
270,Storage & Connectivity,Does it support WiFi 6E or WiFi 7?
271,Basic Features,Does this have sleep mode?
272,Battery & Charging,Is this compatible with older iPhones?
273,Display & Performance,Does iPhone 16 support dual SIM?
274,Camera,Is the iPhone 16 waterproof?
275,Software & Security,Does the iPhone 16 have a headphone jack?
276,Storage & Connectivity,What is the battery life of the iPhone 16?
277,Basic Features,Does the iPhone 16 support fast charging?
278,Battery & Charging,Can I use a 30W charger for iPhone 16?
279,Display & Performance,Does iPhone 16 support wireless charging?
280,Camera,How long does it take to fully charge iPhone 16?
281,Software & Security,What is the screen size of iPhone 16?
282,Storage & Connectivity,Does iPhone 16 have a 120Hz refresh rate?
283,Basic Features,What processor does the iPhone 16 use?
284,Battery & Charging,Is there an Always-On display feature?
285,Display & Performance,Does iPhone 16 support gaming at 120 FPS?
286,Camera,How many cameras does iPhone 16 have?
287,Software & Security,Does iPhone 16 support 8K video recording?
288,Storage & Connectivity,Is there a night mode for selfies?
289,Basic Features,What is the megapixel count of the iPhone 16 camera?
290,Battery & Charging,Can I shoot RAW photos on iPhone 16?
291,Display & Performance,Does iPhone 16 support Face ID?
292,Camera,Will iPhone 16 get future iOS updates?
293,Software & Security,Can I use Touch ID on iPhone 16?
294,Storage & Connectivity,Does iPhone 16 have AI-driven photo editing?
295,Basic Features,Can I unlock my iPhone 16 while wearing a mask?
296,Battery & Charging,What storage options are available for iPhone 16?
297,Display & Performance,Does iPhone 16 support 5G networks?
298,Camera,Can I expand storage with an SD card?
299,Software & Security,Does iPhone 16 have a USB-C port?
300,Storage & Connectivity,Does it support WiFi 6E or WiFi 7?
301,Basic Features,Does this have sleep mode?
302,Battery & Charging,Is this compatible with older iPhones?
303,Display & Performance,Does iPhone 16 support dual SIM?
304,Camera,Is the iPhone 16 waterproof?
305,Software & Security,Does the iPhone 16 have a headphone jack?
306,Storage & Connectivity,What is the battery life of the iPhone 16?
307,Basic Features,Does the iPhone 16 support fast charging?
308,Battery & Charging,Can I use a 30W charger for iPhone 16?
309,Display & Performance,Does iPhone 16 support wireless charging?
310,Camera,How long does it take to fully charge iPhone 16?
311,Software & Security,What is the screen size of iPhone 16?
312,Storage & Connectivity,Does iPhone 16 have a 120Hz refresh rate?
313,Basic Features,What processor does the iPhone 16 use?
314,Battery & Charging,Is there an Always-On display feature?
315,Display & Performance,Does iPhone 16 support gaming at 120 FPS?
316,Camera,How many cameras does iPhone 16 have?
317,Software & Security,Does iPhone 16 support 8K video recording?
318,Storage & Connectivity,Is there a night mode for selfies?
319,Basic Features,What is the megapixel count of the iPhone 16 camera?
320,Battery & Charging,Can I shoot RAW photos on iPhone 16?
321,Display & Performance,Does iPhone 16 support Face ID?
322,Camera,Will iPhone 16 get future iOS updates?
323,Software & Security,Can I use Touch ID on iPhone 16?
324,Storage & Connectivity,Does iPhone 16 have AI-driven photo editing?
325,Basic Features,Can I unlock my iPhone 16 while wearing a mask?
326,Battery & Charging,What storage options are available for iPhone 16?
327,Display & Performance,Does iPhone 16 support 5G networks?
328,Camera,Can I expand storage with an SD card?
329,Software & Security,Does iPhone 16 have a USB-C port?
330,Storage & Connectivity,Does it support WiFi 6E or WiFi 7?
331,Basic Features,Does this have sleep mode?
332,Battery & Charging,Is this compatible with older iPhones?
333,Display & Performance,Does iPhone 16 support dual SIM?
334,Camera,Is the iPhone 16 waterproof?
335,Software & Security,Does the iPhone 16 have a headphone jack?
336,Storage & Connectivity,What is the battery life of the iPhone 16?
337,Basic Features,Does the iPhone 16 support fast charging?
338,Battery & Charging,Can I use a 30W charger for iPhone 16?
339,Display & Performance,Does iPhone 16 support wireless charging?
340,Camera,How long does it take to fully charge iPhone 16?
341,Software & Security,What is the screen size of iPhone 16?
342,Storage & Connectivity,Does iPhone 16 have a 120Hz refresh rate?
343,Basic Features,What processor does the iPhone 16 use?
344,Battery & Charging,Is there an Always-On display feature?
345,Display & Performance,Does iPhone 16 support gaming at 120 FPS?
346,Camera,How many cameras does iPhone 16 have?
347,Software & Security,Does iPhone 16 support 8K video recording?
348,Storage & Connectivity,Is there a night mode for selfies?
349,Basic Features,What is the megapixel count of the iPhone 16 camera?
350,Battery & Charging,Can I shoot RAW photos on iPhone 16?
351,Display & Performance,Does iPhone 16 support Face ID?
352,Camera,Will iPhone 16 get future iOS updates?
353,Software & Security,Can I use Touch ID on iPhone 16?
354,Storage & Connectivity,Does iPhone 16 have AI-driven photo editing?
355,Basic Features,Can I unlock my iPhone 16 while wearing a mask?
356,Battery & Charging,What storage options are available for iPhone 16?
357,Display & Performance,Does iPhone 16 support 5G networks?
358,Camera,Can I expand storage with an SD card?
359,Software & Security,Does iPhone 16 have a USB-C port?
360,Storage & Connectivity,Does it support WiFi 6E or WiFi 7?
361,Basic Features,Does this have sleep mode?
362,Battery & Charging,Is this compatible with older iPhones?
363,Display & Performance,Does iPhone 16 support dual SIM?
364,Camera,Is the iPhone 16 waterproof?
365,Software & Security,Does the iPhone 16 have a headphone jack?
366,Storage & Connectivity,What is the battery life of the iPhone 16?
367,Basic Features,Does the iPhone 16 support fast charging?
368,Battery & Charging,Can I use a 30W charger for iPhone 16?
369,Display & Performance,Does iPhone 16 support wireless charging?
370,Camera,How long does it take to fully charge iPhone 16?
371,Software & Security,What is the screen size of iPhone 16?
372,Storage & Connectivity,Does iPhone 16 have a 120Hz refresh rate?
373,Basic Features,What processor does the iPhone 16 use?
374,Battery & Charging,Is there an Always-On display feature?
375,Display & Performance,Does iPhone 16 support gaming at 120 FPS?
376,Camera,How many cameras does iPhone 16 have?
377,Software & Security,Does iPhone 16 support 8K video recording?
378,Storage & Connectivity,Is there a night mode for selfies?
379,Basic Features,What is the megapixel count of the iPhone 16 camera?
380,Battery & Charging,Can I shoot RAW photos on iPhone 16?
381,Display & Performance,Does iPhone 16 support Face ID?
382,Camera,Will iPhone 16 get future iOS updates?
383,Software & Security,Can I use Touch ID on iPhone 16?
384,Storage & Connectivity,Does iPhone 16 have AI-driven photo editing?
385,Basic Features,Can I unlock my iPhone 16 while wearing a mask?
386,Battery & Charging,What storage options are available for iPhone 16?
387,Display & Performance,Does iPhone 16 support 5G networks?
388,Camera,Can I expand storage with an SD card?
389,Software & Security,Does iPhone 16 have a USB-C port?
390,Storage & Connectivity,Does it support WiFi 6E or WiFi 7?
391,Basic Features,Does this have sleep mode?
392,Battery & Charging,Is this compatible with older iPhones?
393,Display & Performance,Does iPhone 16 support dual SIM?
394,Camera,Is the iPhone 16 waterproof?
395,Software & Security,Does the iPhone 16 have a headphone jack?
396,Storage & Connectivity,What is the battery life of the iPhone 16?
397,Basic Features,Does the iPhone 16 support fast charging?
398,Battery & Charging,Can I use a 30W charger for iPhone 16?
399,Display & Performance,Does iPhone 16 support wireless charging?
400,Camera,How long does it take to fully charge iPhone 16?
